<?xml version="1.0" encoding="UTF-8"?>
<project-private xmlns="http://www.netbeans.org/ns/project-private/1">
    <editor-bookmarks xmlns="http://www.netbeans.org/ns/editor-bookmarks/2" lastBookmarkId="0"/>
    <open-files xmlns="http://www.netbeans.org/ns/projectui-open-files/2">
        <group>
            <file>file:/home/mohit/WTLFINAL/Assign_14/web/index.jsp</file>
            <file>file:/home/mohit/WTLFINAL/Assign_14/src/java/struts.xml</file>
            <file>file:/home/mohit/WTLFINAL/Assign_14/web/WEB-INF/web.xml</file>
            <file>file:/home/mohit/WTLFINAL/Assign_14/web/result.jsp</file>
            <file>file:/home/mohit/WTLFINAL/Assign_14/src/java/model/Calc.java</file>
        </group>
    </open-files>
</project-private>
